revenue_rank,category,orders,units_sold,revenue,revenue_share_pct,avg_item_price,avg_review_score
1,health_beauty,8647,9465,1233131.72,9.33,130.28,4.19
2,watches_gifts,5495,5859,1166176.98,8.82,199.04,4.07
3,bed_bath_table,9272,10953,1023434.76,7.74,93.44,3.92
4,sports_leisure,7530,8431,954852.55,7.22,113.25,4.17
5,computers_accessories,6530,7644,888724.61,6.72,116.26,3.99
6,furniture_decor,6307,8160,711927.69,5.38,87.25,3.95
7,housewares,5743,6795,615628.69,4.66,90.60,4.11
8,cool_stuff,3559,3718,610204.10,4.62,164.12,4.19
9,auto,3810,4140,578966.65,4.38,139.85,4.12
10,toys,3804,4030,471286.48,3.56,116.94,4.21
11,garden_tools,3448,4268,470495.28,3.56,110.24,4.08
12,baby,2809,2982,400421.84,3.03,134.28,4.08
13,perfumery,3086,3340,390144.65,2.95,116.81,4.22
14,telephony,4093,4430,309860.23,2.34,69.95,3.99
15,office_furniture,1254,1668,268154.31,2.03,160.76,3.51
16,stationery,2264,2466,223788.69,1.69,90.75,4.25
17,computers,177,199,218684.14,1.65,1098.92,4.22
18,pet_shop,1688,1924,211695.64,1.60,110.03,4.22
19,musical_instruments,611,651,184315.74,1.39,283.13,4.22
20,small_appliances,609,658,182754.12,1.38,277.74,4.23
21,unknown,1392,1537,170726.63,1.29,111.08,3.94
22,electronics,2517,2729,155043.93,1.17,56.81,4.07
23,fashion_bags_accessories,1820,1985,149329.39,1.13,75.23,4.19
24,consoles_games,1018,1089,148003.37,1.12,135.91,4.14
25,construction_tools_construction,736,916,142108.49,1.07,155.14,4.09
26,luggage_accessories,1019,1077,138701.63,1.05,128.79,4.35
27,home_appliances_2,227,231,107953.95,0.82,467.33,4.16
28,home_construction,483,596,81407.57,0.62,136.59,3.96
29,home_appliances,747,754,78832.48,0.60,104.55,4.22
30,agro_industry_and_commerce,177,206,70566.10,0.53,342.55,4.09
31,furniture_living_room,414,495,67350.70,0.51,136.06,3.93
32,home_confort,392,429,58008.45,0.44,135.22,3.85
33,fixed_telephony,212,255,55315.21,0.42,216.92,3.76
34,air_conditioning,246,289,53323.56,0.40,184.51,4.05
35,audio,348,362,50570.60,0.38,139.70,3.84
36,small_appliances_home_oven_and_coffee,72,73,46589.56,0.35,638.21,4.44
37,kitchen_dining_laundry_garden_furniture,241,274,45531.98,0.34,166.18,4.03
38,books_general_interest,496,537,45302.15,0.34,84.36,4.51
39,construction_tools_lights,242,301,39957.00,0.30,132.75,4.08
40,construction_tools_safety,159,183,38773.22,0.29,211.88,3.97
41,industry_commerce_and_business,232,265,38498.81,0.29,145.28,4.13
42,food,441,499,28731.15,0.22,57.58,4.26
43,market_place,274,305,27795.77,0.21,91.13,4.07
44,costruction_tools_garden,190,232,25096.28,0.19,108.17,4.12
45,art,195,197,23657.30,0.18,120.09,4.08
46,fashion_shoes,235,257,23001.46,0.17,89.50,4.29
47,drinks,287,361,21529.84,0.16,59.64,4.12
48,signaling_and_security,138,197,21315.05,0.16,108.20,4.09
49,furniture_bedroom,90,103,19051.80,0.14,184.97,4.25
50,books_technical,256,263,18702.23,0.14,71.11,4.39
51,costruction_tools_tools,97,103,15903.95,0.12,154.41,4.44
52,food_drink,221,269,14942.88,0.11,55.55,4.37
53,fashion_male_clothing,106,125,10452.33,0.08,83.62,3.76
54,fashion_underwear_beach,117,127,9305.95,0.07,73.28,4.05
55,christmas_supplies,125,150,8737.84,0.07,58.25,4.07
56,tablets_printing_image,79,83,7528.41,0.06,90.70,4.12
57,cine_photo,63,70,6674.47,0.05,95.35,4.29
58,music,38,38,6034.35,0.05,158.80,4.21
59,dvds_blu_ray,56,61,4542.59,0.03,74.47,4.18
60,party_supplies,38,42,4465.19,0.03,106.31,3.83
61,books_imported,50,57,4418.86,0.03,77.52,4.51
62,furniture_mattress_and_upholstery,37,37,4323.38,0.03,116.85,3.89
63,portable_kitchen_food_preparers,13,14,3933.63,0.03,280.97,3.43
64,fashio_female_clothing,36,45,2634.94,0.02,58.55,3.93
65,fashion_sport,26,29,2094.52,0.02,72.22,4.34
66,la_cuisine,13,14,2054.99,0.02,146.79,4.00
67,arts_and_craftmanship,23,24,1814.01,0.01,75.58,4.13
68,diapers_and_hygiene,25,37,1500.79,0.01,40.56,3.38
69,pc_gamer,7,8,1306.95,0.01,163.37,3.63
70,flowers,29,33,1110.04,0.01,33.64,4.42
71,home_comfort_2,24,30,760.27,0.01,25.34,3.63
72,cds_dvds_musicals,12,14,730.00,0.01,52.14,4.64
73,fashion_childrens_clothes,7,7,519.95,0.00,74.28,5.00
74,security_and_services,2,2,283.29,0.00,141.65,2.50
