category,revenue,share_pct,cumulative_pct,abc_class
health_beauty,1233131.72,9.33,9.33,A
watches_gifts,1166176.98,8.82,18.15,A
bed_bath_table,1023434.76,7.74,25.89,A
sports_leisure,954852.55,7.22,33.11,A
computers_accessories,888724.61,6.72,39.83,A
furniture_decor,711927.69,5.38,45.22,A
housewares,615628.69,4.66,49.87,A
cool_stuff,610204.10,4.62,54.49,A
auto,578966.65,4.38,58.87,A
toys,471286.48,3.56,62.43,A
garden_tools,470495.28,3.56,65.99,A
baby,400421.84,3.03,69.02,A
perfumery,390144.65,2.95,71.97,A
telephony,309860.23,2.34,74.31,A
office_furniture,268154.31,2.03,76.34,A
stationery,223788.69,1.69,78.03,A
computers,218684.14,1.65,79.69,A
pet_shop,211695.64,1.60,81.29,A
musical_instruments,184315.74,1.39,82.68,B
small_appliances,182754.12,1.38,84.06,B
unknown,170726.63,1.29,85.36,B
electronics,155043.93,1.17,86.53,B
fashion_bags_accessories,149329.39,1.13,87.66,B
consoles_games,148003.37,1.12,88.78,B
construction_tools_construction,142108.49,1.07,89.85,B
luggage_accessories,138701.63,1.05,90.90,B
home_appliances_2,107953.95,0.82,91.72,B
home_construction,81407.57,0.62,92.33,B
home_appliances,78832.48,0.60,92.93,B
agro_industry_and_commerce,70566.10,0.53,93.46,B
furniture_living_room,67350.70,0.51,93.97,B
home_confort,58008.45,0.44,94.41,B
fixed_telephony,55315.21,0.42,94.83,B
air_conditioning,53323.56,0.40,95.23,B
audio,50570.60,0.38,95.62,C
small_appliances_home_oven_and_coffee,46589.56,0.35,95.97,C
kitchen_dining_laundry_garden_furniture,45531.98,0.34,96.31,C
books_general_interest,45302.15,0.34,96.66,C
construction_tools_lights,39957.00,0.30,96.96,C
construction_tools_safety,38773.22,0.29,97.25,C
industry_commerce_and_business,38498.81,0.29,97.54,C
food,28731.15,0.22,97.76,C
market_place,27795.77,0.21,97.97,C
costruction_tools_garden,25096.28,0.19,98.16,C
art,23657.30,0.18,98.34,C
fashion_shoes,23001.46,0.17,98.51,C
drinks,21529.84,0.16,98.68,C
signaling_and_security,21315.05,0.16,98.84,C
furniture_bedroom,19051.80,0.14,98.98,C
books_technical,18702.23,0.14,99.12,C
costruction_tools_tools,15903.95,0.12,99.24,C
food_drink,14942.88,0.11,99.36,C
fashion_male_clothing,10452.33,0.08,99.43,C
fashion_underwear_beach,9305.95,0.07,99.50,C
christmas_supplies,8737.84,0.07,99.57,C
tablets_printing_image,7528.41,0.06,99.63,C
cine_photo,6674.47,0.05,99.68,C
music,6034.35,0.05,99.72,C
dvds_blu_ray,4542.59,0.03,99.76,C
party_supplies,4465.19,0.03,99.79,C
books_imported,4418.86,0.03,99.83,C
furniture_mattress_and_upholstery,4323.38,0.03,99.86,C
portable_kitchen_food_preparers,3933.63,0.03,99.89,C
fashio_female_clothing,2634.94,0.02,99.91,C
fashion_sport,2094.52,0.02,99.92,C
la_cuisine,2054.99,0.02,99.94,C
arts_and_craftmanship,1814.01,0.01,99.95,C
diapers_and_hygiene,1500.79,0.01,99.96,C
pc_gamer,1306.95,0.01,99.97,C
flowers,1110.04,0.01,99.98,C
home_comfort_2,760.27,0.01,99.99,C
cds_dvds_musicals,730.00,0.01,99.99,C
fashion_childrens_clothes,519.95,0.00,100.00,C
security_and_services,283.29,0.00,100.00,C
