customer_state,orders,customers,revenue,avg_order_value,freight_pct_of_revenue,avg_delivery_days,late_delivery_pct,avg_review_score
SP,40501,39156,5067633.16,125.12,13.85,8.7,4.49,4.25
RJ,12350,11917,1759651.13,142.48,16.81,15.2,12.11,3.97
MG,11354,11001,1552481.83,136.73,17.16,11.9,4.57,4.19
RS,5345,5168,728897.47,136.37,18.19,15.2,6.08,4.19
PR,4923,4769,666063.51,135.30,17.36,11.9,4.04,4.24
SC,3546,3449,507012.13,142.98,17.38,14.9,8.21,4.13
BA,3256,3158,493584.14,151.59,19.76,19.3,12.16,3.93
DF,2080,2019,296498.41,142.55,16.74,12.9,5.67,4.13
GO,1957,1895,282836.70,144.53,18.16,15.5,6.54,4.10
ES,1995,1928,268643.45,134.66,18.25,15.7,10.73,4.08
PE,1593,1551,251889.49,158.12,22.66,18.4,9.60,4.08
CE,1279,1258,219757.38,171.82,21.24,21.2,13.76,3.94
PA,946,922,174470.59,184.43,21.52,23.7,11.21,3.91
MT,886,856,152191.62,171.77,19.08,18.0,5.98,4.15
MA,717,700,117009.38,163.19,26.32,21.5,17.43,3.83
MS,701,681,115429.97,164.66,16.41,15.5,9.70,4.16
PB,517,504,112586.82,217.77,22.43,20.4,10.44,4.08
PI,476,464,84721.00,177.99,24.15,19.4,13.87,3.99
RN,474,464,82105.66,173.22,22.66,19.2,9.28,4.15
AL,397,387,78855.72,198.63,19.42,24.5,21.41,3.85
SE,335,329,56574.19,168.88,24.24,21.5,15.22,3.91
TO,274,267,48402.51,176.65,23.98,17.6,9.85,4.15
RO,243,231,45682.76,187.99,24.70,19.3,2.88,4.17
AM,145,140,22155.84,152.80,24.51,26.4,2.76,4.24
AC,80,76,15930.97,199.14,22.88,21.0,3.75,4.09
AP,67,66,13374.81,199.62,20.69,27.2,2.99,4.24
RR,41,40,7057.47,172.13,28.08,29.3,12.20,3.90
