purchase_month,delivered_orders,avg_delivery_days,avg_estimated_days,late_delivery_pct
2016-09,1,55.0,19.0,100.00
2016-10,265,19.6,56.3,0.75
2016-12,1,5.0,27.0,0.00
2017-01,750,12.8,40.2,2.93
2017-02,1653,13.3,32.5,2.96
2017-03,2546,13.0,25.4,4.56
2017-04,2303,15.0,28.0,6.56
2017-05,3545,11.4,24.9,2.99
2017-06,3135,12.0,24.7,3.03
2017-07,3872,11.5,24.0,2.79
2017-08,4193,11.0,24.1,2.91
2017-09,4150,11.7,23.1,4.39
2017-10,4478,11.7,23.7,4.18
2017-11,7288,15.1,23.2,12.40
2017-12,5513,15.3,28.3,7.46
2018-01,7069,14.0,26.9,5.70
2018-02,6555,16.9,25.2,14.13
2018-03,7003,16.2,22.7,18.96
2018-04,6798,11.4,24.3,4.50
2018-05,6749,11.3,23.5,6.56
2018-06,6096,9.2,28.4,1.16
2018-07,6156,8.9,20.3,3.38
2018-08,6351,7.7,15.8,6.19
