seller_id,seller_state,orders,revenue,avg_review_score,late_item_pct
4869f7a5dfa277a7dca6462dcf3b52b2,SP,1124,226987.93,4.14,10.54
53243585a1d6dc2643021fd1853d8905,BA,348,217940.44,4.13,3.00
4a3ca9315b744ce9f8e9374361493884,SP,1772,196882.12,3.83,9.70
fa1c13f2614d7b5c4749cbc52fecda94,SP,578,190917.14,4.37,9.15
7c67e1448b00f6e969d365cea6b010ab,SP,973,186570.05,3.35,8.86
7e93a43ef30c4f03f38b393420bc753a,SP,319,165981.49,4.36,4.66
da8622b14eb17ae2831f4ac5b9dab84a,SP,1311,159816.87,4.07,6.40
7a67c85e85bb2ce8582c35f2203ad736,SP,1145,139658.69,4.27,5.19
1025f0e2d44d7041d6cf58b6550e0bfa,SP,910,138208.56,3.87,6.69
955fee9216a65b617aa5c0531780ce60,SP,1261,131836.71,4.09,6.45
